Marke;Strasse;Plz;Ort;Source
 Bestattungen Horn  ;Neuhauser Straße 93;78532;Tuttlingen;https://www.bestattungen.de/verzeichnis.html
 Bestattungen Merkt  ;Hauptstr. 136;78549;Spaichingen;https://www.bestattungen.de/verzeichnis.html
 Bestattungsinstitut Ella Sichler e. K.  ;Brunnentalstr. 1;78532;Tuttlingen;https://www.bestattungen.de/verzeichnis.html
 Bestattungsinstitut Neipp e.k.  ;Göldenbühlstraße 15;78647;Trossingen;https://www.bestattungen.de/verzeichnis.html
 Franz Fetzer Bestattungen  ;Hauptstraße 142;78588;Denkingen;https://www.bestattungen.de/verzeichnis.html
 Franz Gruler Bestattungen  ;Brühlweg 1;78554;Aldingen;https://www.bestattungen.de/verzeichnis.html
 Martin Suske Bestattungen  ;Brielstraße 8a;78576;Emmingen;https://www.bestattungen.de/verzeichnis.html
 Matthias Weber Bestattungen und Schreinerei  ;Marienstraße 7A;78559;Gosheim;https://www.bestattungen.de/verzeichnis.html
 Bestattungen Achim Heigold  ;Schenkenseestr. 10;74523;Schwäbisch Hall;https://www.bestattungen.de/verzeichnis.html
 Anneliese Pfeifer-Lämmle Bestattungen  ;Lenkerstetten 17;74585;Rot am See;https://www.bestattungen.de/verzeichnis.html
 Bestattungen Kraus  ;Schönebürgstraße 10;74564;Crailsheim;https://www.bestattungen.de/verzeichnis.html
 Bestattungen Lindenmayer  ;Mittlerer Weg 80;74564;Crailsheim;https://www.bestattungen.de/verzeichnis.html
 Bestattungen Robert Knapp  ;Gelbinger Gasse 72;74523;Schwäbisch Hall;https://www.bestattungen.de/verzeichnis.html
 Bestattungen Rössler  ;Nixbrunnenstr. 23;74532;Ilshofen;https://www.bestattungen.de/verzeichnis.html
 Bestattungsinstitut Lindenmeyer  ;Grabenstr. 23-25;74564;Crailsheim;https://www.bestattungen.de/verzeichnis.html
 Bestattungsinstitut Manfred Kraus  ;Marktstraße 47;74579;Fichtenau;https://www.bestattungen.de/verzeichnis.html
 Daubek Schreinerei und Bestattungen GmbH  ;Lendsiedler Straße 5;74592;Kirchberg;https://www.bestattungen.de/verzeichnis.html
 Die Barke  ;Hardtstraße 31;74523;Schwäbisch Hall;https://www.bestattungen.de/verzeichnis.html
 Dieter Bachmaier Bestattungen  ;Kurze Straße 7;74597;Stimpfach;https://www.bestattungen.de/verzeichnis.html
 Hans Rößler Bestattungen  ;Nixbrunnenstraße 23;74532;Ilshofen;https://www.bestattungen.de/verzeichnis.html
 Hermann Groß Bestattungen  ;Brühlstraße 35;74582;Gerabronn;https://www.bestattungen.de/verzeichnis.html
 Karola Müller Bestattungen  ;Zweisimmenstraße 4;74420;Oberrot;https://www.bestattungen.de/verzeichnis.html
 Martin Frey Bestattungen  ;Robert-Bosch-Str. 20;74405;Gaildorf;https://www.bestattungen.de/verzeichnis.html
 Martin Frey Bestattungsinstitut  ;Robert-Bosch-Straße 18/1;74405;Gaildorf;https://www.bestattungen.de/verzeichnis.html
 Walter Kraus Bestattungen  ;Neumühlstraße 1;74544;Michelbach an der Bil;https://www.bestattungen.de/verzeichnis.html
 Baur Bestattungen  ;Karlstraße 70;89143;Blaubeuren;https://www.bestattungen.de/verzeichnis.html
 Bestattungen Schwenk  ;Olgastr. 26;89150;Laichingen;https://www.bestattungen.de/verzeichnis.html
 Bestattungsdienst Baar GmbH  ;Schloßstraße 2;89134;Blaustein;https://www.bestattungen.de/verzeichnis.html
 Bestattungsdienst Karl-Otto Rehm  ;Braigestraße 27;89616;Rottenacker;https://www.bestattungen.de/verzeichnis.html
 Elmar Baur Bestattungsinstitut  ;Ulmer Str. 18;89584;Ehingen;https://www.bestattungen.de/verzeichnis.html
 Erstes Ulmer Bestattungsinstitut Helmut Streidt  ;Hauptstraße 79;89195;Staig;https://www.bestattungen.de/verzeichnis.html
 Kaldekerken Bestattungen  ;Achstraße 24;89129;Langenau;https://www.bestattungen.de/verzeichnis.html
 Leko-Ziljak Bestattungen  ;Kronenstraße 7;89160;Dornstadt;https://www.bestattungen.de/verzeichnis.html
 Scheible Bestattungen  ;Hindenburgstraße 39;89129;Langenau;https://www.bestattungen.de/verzeichnis.html
 Scheible Bestattungen e. K.  ;Blumenstr. 16;89183;Holzkirch;https://www.bestattungen.de/verzeichnis.html
 Bestattungshaus Zepp-Höfler-Spittler  ;Grabenstr. 12 ;79189;Bad Krozingen;https://www.bestattungen.de/verzeichnis.html
 Anton Bernauer Bestattungen  ;Spielweg 10;79244;Münstertal;https://www.bestattungen.de/verzeichnis.html
 Bestattungen Engler-Burgert   ;Batzenbergstraße 1;79227;Schallstadt;https://www.bestattungen.de/verzeichnis.html
 Bestattungen W. Zepp  ;Friedhofallee 5;79206;Breisach;https://www.bestattungen.de/verzeichnis.html
 Bestattungsinstitut Bisch  ;Titiseestr. 43;79822;Titisee-Neustadt;https://www.bestattungen.de/verzeichnis.html
 Heinrich Kopp Bestattungen  ;Bergacker 3;79859;Schluchsee;https://www.bestattungen.de/verzeichnis.html
 Horizonte Dreisamtal Alfred Schwär e. K. Bestattungen + Trau  ;Am Birkenrain 3;79271;Sankt Peter;https://www.bestattungen.de/verzeichnis.html
 K.-H. Arbogast Bestattungen  ;Kanalgasse 9;79379;Müllheim;https://www.bestattungen.de/verzeichnis.html
 Karl B. Müller Bestatter  ;Martin-Gremminger-Weg 3;79874;Breitnau;https://www.bestattungen.de/verzeichnis.html
 Klingele Bestattungen  ;Schulhausstraße 27;79199;Kirchzarten;https://www.bestattungen.de/verzeichnis.html
 Meier Bestattungen  ;Haupstraße 36;79268;Bötzingen;https://www.bestattungen.de/verzeichnis.html
 Michael Vollmer Bestattungen  ;Scheuerlenstraße 19;79822;Titisee-Neustadt;https://www.bestattungen.de/verzeichnis.html
 Senftle Schreinerei Bestattungen  ;Pfarrer-Christen-Straße 3;79395;Neuenburg;https://www.bestattungen.de/verzeichnis.html
 T. Lampp Bestattungen  ;Großmattenstraße 1;79219;Staufen;https://www.bestattungen.de/verzeichnis.html
 Trauerzeit W. Reiffer  ;Untere Dorfstraße 9;79241;Ihringen;https://www.bestattungen.de/verzeichnis.html
 Zepp Bestattungsinstitut  ;Grabenstraße 12;79189;Bad Krozingen;https://www.bestattungen.de/verzeichnis.html
 Bestattungen Dorn GmbH  ;Pfedelbacher Straße 32;74613;Öhringen;https://www.bestattungen.de/verzeichnis.html
 Bestattungsunternehmen Landwehr  ;Mühlbergstraße 34;74653;Künzelsau;https://www.bestattungen.de/verzeichnis.html
 Dieter Wenninger Bestattungen  ;Affaltracher Weg 13;74626;Bretzfeld;https://www.bestattungen.de/verzeichnis.html
 Dorn Bestattungen GmbH  ;Gaisbacher Str. 6;74653;Künzelsau;https://www.bestattungen.de/verzeichnis.html
 Ulrich Stadtmüller Bestattungen  ;Brunnengasse 1;74238;Krautheim;https://www.bestattungen.de/verzeichnis.html
 Bestattungsinstitut Berdon  ;Kaiserstr. 55;76437;Rastatt;https://www.bestattungen.de/verzeichnis.html
 Baumann Natursteinwerk  ;Weinstraße 1;77815;Bühl;https://www.bestattungen.de/verzeichnis.html
 Bestatter Peter Ernst  ;Schiffstraße 5;76437;Rastatt;https://www.bestattungen.de/verzeichnis.html
 Bestattungen Ernst  ;Kehler Straße 16/2;76437;Rastatt;https://www.bestattungen.de/verzeichnis.html
 Bestattungsinstitut Huether-Heissler GmbH  ;Plittersdorferstr. 2;76437;Rastatt;https://www.bestattungen.de/verzeichnis.html
 Bestattungsunternehmen Karl Mechler  ;Am Hecklehamm 22;76549;Hügelsheim;https://www.bestattungen.de/verzeichnis.html
 Bestattungsunternehmen M. Falk  ;Kreuzstraße 11;76467;Bietigheim;https://www.bestattungen.de/verzeichnis.html
 Bühler und Baden-Badener Best.-Untern. Karl Mechler  ;Hauptstr. 82;77815;Bühl;https://www.bestattungen.de/verzeichnis.html
 Gernsbacher Bestattungsinstitut Manfred Schenkel  ;Igelbachstr. 9;76593;Gernsbach;https://www.bestattungen.de/verzeichnis.html
 Heck Bestattungen  ;Große Austraße 21A;76571;Gaggenau;https://www.bestattungen.de/verzeichnis.html
 Hüttenrauch Bestattungsinstitut  ;Militärstraße 7;76437;Rastatt;https://www.bestattungen.de/verzeichnis.html
 Jochen Philipp Bestattungsinstitut  ;Friedrichstraße 6;76456;Kuppenheim;https://www.bestattungen.de/verzeichnis.html
 M. Heck Bestattungen  ;Allmendstraße 3A;76474;Au;https://www.bestattungen.de/verzeichnis.html
 M. Peter Bestattungen  ;Dr.-Josef-Fischer-Straße 5;76547;Sinzheim;https://www.bestattungen.de/verzeichnis.html
 Mathias Köppel Bestattungsinstitut  ;Franz-Philipp-Str. 5;76437;Rastatt;https://www.bestattungen.de/verzeichnis.html
 Michael Heck Bestattungen  ;Fronäcker 37;76474;Au;https://www.bestattungen.de/verzeichnis.html
 R. Klumpp Bestattungen  ;Friedrichstraße 11;76461;Muggensturm;https://www.bestattungen.de/verzeichnis.html
 W. Krieg Bestattungen  ;Gaisbachstraße 41;76599;Weisenbach;https://www.bestattungen.de/verzeichnis.html
 Bestattungsinstitut Hornauer  ;Waldhofer Str 102;69123;Heidelberg;https://www.bestattungen.de/verzeichnis.html
 Pietät Hiebeler GmbH Bestattungsinstitut  ;Mittermaierstr. 9;69115;Heidelberg;https://www.bestattungen.de/verzeichnis.html
 Bestattungshaus HEIDELBERG  ;Bergheimer Straße 114;69115;Heidelberg;https://www.bestattungen.de/verzeichnis.html
 Bestattungshaus Heidelberg Kurz-Feuerstein  ;Im Buschgewann 24;69123;Heidelberg;https://www.bestattungen.de/verzeichnis.html
 Bestattungsunternehmen Seppich GmbH  ;Dossenheimer Landstr. 79;69121;Heidelberg;https://www.bestattungen.de/verzeichnis.html
 der-bestatter.de  ;Vangerowstraße 87;69115;Heidelberg;https://www.bestattungen.de/verzeichnis.html
 Rehm Bestattungen  ;Schwetzinger Str. 121;69124;Heidelberg;https://www.bestattungen.de/verzeichnis.html
 Wilhelm Eduard  ;Otto-Hahn-Platz 11;69126;Heidelberg;https://www.bestattungen.de/verzeichnis.html
 Bestattungen Anita Märtin  ;Karlstraße 26;71229;Leonberg;https://www.bestattungen.de/verzeichnis.html
 Abendrot Bestattungsunternehmen  ;Leonberger Straße 1;71272;Renningen;https://www.bestattungen.de/verzeichnis.html
 Albert Sauter Bestattungen GmbH & Co. KG  ;Schellingstraße 16;71229;Leonberg;https://www.bestattungen.de/verzeichnis.html
 Angelika Kaiser Bestattungsinstitut  ;Zimmerstr. 38;71063;Sindelfingen;https://www.bestattungen.de/verzeichnis.html
 Berthold Bestattungen GmbH  ;Schloßstraße 4;71229;Leonberg;https://www.bestattungen.de/verzeichnis.html
 Bestattunginstitut Bebion  ;Schießrainweg 6;71263;Weil der Stadt;https://www.bestattungen.de/verzeichnis.html
 Bestattungshaus Brunner & Stiefel  ;Klaffensteinstraße 17;71032;Böblingen;https://www.bestattungen.de/verzeichnis.html
 Bestattungshaus Haller  ;Seestraße 3;71229;Leonberg;https://www.bestattungen.de/verzeichnis.html
 Bestattungsinstitut  Thomas Sommerer  ;Schafgasse 27;71032;Böblingen;https://www.bestattungen.de/verzeichnis.html
 Bestattungsinstitut Dieter Gann  ;Badtorstr. 18/1;71263;Weil der Stadt;https://www.bestattungen.de/verzeichnis.html
 Bestattungsinstitut Sommerer  ;Sindelfinger Str. 20;71069;Sindelfingen;https://www.bestattungen.de/verzeichnis.html
 Bestattungsinstitut Trauerhilfe GmbH  ;Schulstraße 30;71277;Rutesheim;https://www.bestattungen.de/verzeichnis.html
 Bestattungsinstitut Vladimir Markovic  ;Schafgasse 28A;71032;Böblingen;https://www.bestattungen.de/verzeichnis.html
 Bestattungskultur Michael  ;Kirschenweg 9;71229;Leonberg;https://www.bestattungen.de/verzeichnis.html
 Dieter Menzel Bestattungsinstitut  ;Ludwigstraße 9;71144;Steinenbronn;https://www.bestattungen.de/verzeichnis.html
 Göpper + Maurer Bestattungen oHG  ;Burghaldenstr. 52;71065;Sindelfingen;https://www.bestattungen.de/verzeichnis.html
 Hecht Bestattungen  ;Stuttgarter Str. 4;71032;Böblingen;https://www.bestattungen.de/verzeichnis.html
 Hiller GmbH Bestattungsinstitut  ;Waldburgstr. 14;71032;Böblingen;https://www.bestattungen.de/verzeichnis.html
 Jürgen Bebion Bestattungen  ;Neue Stuttgarter Str. 37;71106;Magstadt;https://www.bestattungen.de/verzeichnis.html
 Mozer Bestattungsdienst  ;Alzentalstraße 6;71083;Herrenberg;https://www.bestattungen.de/verzeichnis.html
 Rudi Rühle Bestattungen  ;Finkenweg 11;71116;Gärtringen;https://www.bestattungen.de/verzeichnis.html
 W. Sigler Bestattungen  ;Hildrizhauser Straße 40;71139;Ehningen;https://www.bestattungen.de/verzeichnis.html
 Wilhelm Weiß GmbH Bestattungsinstitut  ;Herdweg 18;71131;Jettingen;https://www.bestattungen.de/verzeichnis.html
 Bestattungen Volker M. Schaffrath  ;Föhrichhof 19 ;70469;Stuttgart;https://www.bestattungen.de/verzeichnis.html
 Ramsaier Bestattungen GmbH  ;Katzenbachstraße 58;70563;Stuttgart;https://www.bestattungen.de/verzeichnis.html
 Bestattungen A. Dautoski  ;Leobenerstr. 33;70469;Stuttgart;https://www.bestattungen.de/verzeichnis.html
 Ramsaier  Bestattungen GmbH  ;Karl-Pfaff-Straße 15;70597;Stuttgart;https://www.bestattungen.de/verzeichnis.html
 Bestattungen Häfner & Züfle  ;Widmaierstraße 96;70567;Stuttgart;https://www.bestattungen.de/verzeichnis.html
 Abschied - Walter Haas Bestattungsunternehmen  ;König-Karl-Str. 15;70372;Stuttgart;https://www.bestattungen.de/verzeichnis.html
 Anita Märtin  Bestattungen & Trauerbegleitung  ;Birkenwaldstr. 106;70191;Stuttgart;https://www.bestattungen.de/verzeichnis.html
 ARGENTUM Bestattungen  ;Steinheimer Straße 24;70435;Stuttgart;https://www.bestattungen.de/verzeichnis.html
 Bestattung Rempis  ;Beilsteiner Str. 6;70435;Stuttgart;https://www.bestattungen.de/verzeichnis.html
 Bestattungen De Vita  ;Ludwigsburger Str. 68;70435;Stuttgart;https://www.bestattungen.de/verzeichnis.html
 Bestattungen Friedrich Hipp  ;Luikenweg 7;70329;Stuttgart;https://www.bestattungen.de/verzeichnis.html
 Bestattungen Haller  ;Hackstr. 33;70190;Stuttgart;https://www.bestattungen.de/verzeichnis.html
 Bestattungen Rolf  ;Bruno-Jacoby-Weg 8;70597; Stuttgart-Degerloch;https://www.bestattungen.de/verzeichnis.html
 Bestattungshaus Familie Kunz  ;Gablenberger Hauptstr. 18;70186;Stuttgart;https://www.bestattungen.de/verzeichnis.html
 Bestattungsinstitut Kühn  ;Am Ullrichsberg 8;68309;Mannheim;https://www.bestattungen.de/verzeichnis.html
 Bestattungshaus Sauer  ;Graudenzer Linie 27;68307;Mannheim;https://www.bestattungen.de/verzeichnis.html
 In Memories  ;Besselstraße 25;68219;Mannheim;https://www.bestattungen.de/verzeichnis.html
 Bestattungsinstitut Abschied  ;Seckenheimer Hauptstr. 124;68239;Mannheim;https://www.bestattungen.de/verzeichnis.html
 Siegels Bestattungen GmbH  ;M2 17;68161;Mannheim;https://www.bestattungen.de/verzeichnis.html
 Bestattungshaus Karcher  ;Am Friedhof 33;68167;Mannheim;https://www.bestattungen.de/verzeichnis.html
 Bestattungshaus Zeller  ;Waldpforte 2;68305;Mannheim;https://www.bestattungen.de/verzeichnis.html
 Fritz Bühn GmbH + Co. KG Bestattungsinstitut  ;Gutenbergstr. 18-22;68167;Mannheim;https://www.bestattungen.de/verzeichnis.html
 Bestattungsdienst Heinzelmann  ;Spitalgasse 7;72275;Alpirsbach;https://www.bestattungen.de/verzeichnis.html
 Bestattungsinstitut Friedhelm Frey  ;Ringstr. 46;72250;Freudenstadt;https://www.bestattungen.de/verzeichnis.html
 Frank Friedrichson Bestattungsinstitut  ;Mühlener Str.13;72160;Horb;https://www.bestattungen.de/verzeichnis.html
 Frey Bestattungen  ;Oberdorfstraße 112;72270;Baiersbronn;https://www.bestattungen.de/verzeichnis.html
 Gebr. Fischer Inh. Christine Fischer Bestattungsinstitut  ;Schellingstr. 8;72250;Freudenstadt;https://www.bestattungen.de/verzeichnis.html
 Hermann Eberhardt Bestattungsinstitut  ;Bildstöckleweg 3;72270;Baiersbronn;https://www.bestattungen.de/verzeichnis.html
 Marinus Heinzelmann Bestattungen  ;Herdweg 3/1;72275;Alpirsbach;https://www.bestattungen.de/verzeichnis.html
 Bad Mergentheimer Bestattungs-Unternehmen Gerhard Bauer Inh.  ;Alemannenweg 92;97980;Bad Mergentheim;https://www.bestattungen.de/verzeichnis.html
 Bestattungen Krumrein  ;Schafgasse 6;97996;Niederstetten;https://www.bestattungen.de/verzeichnis.html
 Bestattungs- und Überführungsinstitut  ;Fliederstraße 42;97950;Großrinderfeld;https://www.bestattungen.de/verzeichnis.html
 Bestattungsinstitut Gerda Ludwig  ;Eisbergstraße 128;97922;Lauda-Königshofen;https://www.bestattungen.de/verzeichnis.html
 Bestattungsinstitut Pietät Alfred Busch  ;Bismarckstr.2;97877;Wertheim;https://www.bestattungen.de/verzeichnis.html
 David Beile Bestattungen  ;Georg-Feuerstein-Str. 2;97877;Wertheim;https://www.bestattungen.de/verzeichnis.html
 Hanel & Bartsch Bestattungen GmbH  ;Albert-Schweitzer-Straße 32;97941;Tauberbischofsheim;https://www.bestattungen.de/verzeichnis.html
 Haus der Bestattung  ;Hauptstraße 50;97990;Weikersheim;https://www.bestattungen.de/verzeichnis.html
 Brosig Bestattungen  ;Filderstr. 31;70771;Leinfelden-Echterdingen (Musberg);https://www.bestattungen.de/verzeichnis.html
 Bestattungshaus Riempp Inh. Claudia Dörfler e. K.  ;Nürtinger Str. 79;72622;Nürtingen;https://www.bestattungen.de/verzeichnis.html
 Aichele Bestattungen GbR  ;Burgstraße 5;73760;Ostfildern;https://www.bestattungen.de/verzeichnis.html
 Arthur Dorn Bestattungsinstitut  ;Urbanstr. 97;73728;Esslingen;https://www.bestattungen.de/verzeichnis.html
 Bestatter Werner Renz  ;Gartenstraße 25;73230;Kirchheim;https://www.bestattungen.de/verzeichnis.html
 Bestattungen Dormann Ltd.  ;Friedrichstraße 2;73207;Plochingen;https://www.bestattungen.de/verzeichnis.html
 Bestattungen J. Homburg e. K.  ;Eichendorffstr. 76;73230;Kirchheim unter Teck;https://www.bestattungen.de/verzeichnis.html
 Bestattungen Kühne GmbH  ;Oberboihinger Straße 53;72622;Nürtingen;https://www.bestattungen.de/verzeichnis.html
 Bestattungen Michael  ;Plochingerstr. 47;73730;Esslingen;https://www.bestattungen.de/verzeichnis.html
 Bestattungs-Institut Dieter Raubinger  ;Humboldtstraße 30;70771;Leinfelden-Echterdingen;https://www.bestattungen.de/verzeichnis.html
 Bestattungsdienst Felden Tübingen  ;Hölderlinstraße 1;72127;Kusterdingen;https://www.bestattungen.de/verzeichnis.html
 Bestattungen Buchfeld  ;Beckengarten 8;72116;Mössingen;https://www.bestattungen.de/verzeichnis.html
 Angela Werner Bestattungsinstitut  ;Sebastiansweilerstr. 7;72116;Mössingen-Belsen;https://www.bestattungen.de/verzeichnis.html
 Bestattungen Gommel e.K.  ;Lilli-Zapf-Straße 15;72072;Tübingen;https://www.bestattungen.de/verzeichnis.html
 Bestattungshaus Stiefel  ;Lehrstr. 20;72411;Bodelshausen;https://www.bestattungen.de/verzeichnis.html
 HESS GmbH Bestattungen  ;Bricciusstraße 31;72108;Rottenburg;https://www.bestattungen.de/verzeichnis.html
 Horstmar Flunkert Bestattungsinstitut  ;Belthlestr. 4;72070;Tübingen;https://www.bestattungen.de/verzeichnis.html
 Rolf Friedrichson Bestattungsinstitut  ;Neckarhalde 1;72108;Rottenburg;https://www.bestattungen.de/verzeichnis.html
 Bestattungshaus Himmelblau GmbH  ;Silcherplatz 18;74072;Heilbronn;https://www.bestattungen.de/verzeichnis.html
 Bestattungen Knapp GmbH  ;Karlstr. 57/1;74072;Heilbronn;https://www.bestattungen.de/verzeichnis.html
 Bestattungshaus Himmelblau  ;Hauptstraße 10;74189;Weinsberg;https://www.bestattungen.de/verzeichnis.html
 Sozialer Bestattungsdienst GmbH  ;Weinsberger Straße 47;74072;Heilbronn;https://www.bestattungen.de/verzeichnis.html
 Zimmermann Bestattungen  ;Elsenzstraße 9;75031;Eppingen;https://www.bestattungen.de/verzeichnis.html
 Bestatter Erwin Hecker  ;Eisenbahnstraße 23;75031;Eppingen;https://www.bestattungen.de/verzeichnis.html
 Bestattungen Hartmut Huber  ;Heppich 16;74930;Ittlingen;https://www.bestattungen.de/verzeichnis.html
 Bestattungen Klaus Billmann  ;Massenbacher Straße 11/1 ;74193;Schwaigern;https://www.bestattungen.de/verzeichnis.html
 Bestattungen Pfizenmayer KG  ;Gartenstraße 25;71717;Beilstein;https://www.bestattungen.de/verzeichnis.html
 Bestattungen Strässer  ;Friedrichsplatz 5;74177;Bad Friedrichshall;https://www.bestattungen.de/verzeichnis.html
 Bestattungen Thomas Alt & Friedrich Döbele  ;Rosengasse 6;74336;Brackenheim;https://www.bestattungen.de/verzeichnis.html
 Bestattungsdienst Ignatia  ;Heilbronner Straße 33;74223;Flein;https://www.bestattungen.de/verzeichnis.html
 Bestattungshaus  Alexander e. K.  ;Stedingerstr. 36;74080;Heilbronn;https://www.bestattungen.de/verzeichnis.html
 Bestattungshaus Alexander  ;Siegelsbacher Straße 12;74906;Bad Rappenau;https://www.bestattungen.de/verzeichnis.html
 Bestattungsinstitut E. Kleemann  ;Nagelgasse 9;74189;Weinsberg;https://www.bestattungen.de/verzeichnis.html
 Bestattungsinstitut Ernst Kleemann  ;Kreuzweg 14;74182;Obersulm;https://www.bestattungen.de/verzeichnis.html
 Bestattungsinstitut Hecker & Müllmaier  ;Sulzfelder Straße 29;75031;Mühlbach;https://www.bestattungen.de/verzeichnis.html
 Bestattungsinstitut Kübler GbR  ;Ochsenweide 12;71543;Wüstenrot;https://www.bestattungen.de/verzeichnis.html
 Anton Rathgeb Bestattungen  ;Birkenzeller Straße 15;73495;Stödtlen;https://www.bestattungen.de/verzeichnis.html
 Albert Eiberger Bestattungen  ;Veit-Hirschmann-Straße 13;73479;Ellwangen;https://www.bestattungen.de/verzeichnis.html
 Alfred Vogelmann Schreinerei Glaserei  ;Fachsenfelder Straße 3;73434;Aalen;https://www.bestattungen.de/verzeichnis.html
 Bauer Bestattungen  ;Pfitzerstraße 7;73527;Schwäbisch Gmünd;https://www.bestattungen.de/verzeichnis.html
 Bernhard Stempfle Bestattungen  ;Ellwanger Straße 23;73497;Tannhausen;https://www.bestattungen.de/verzeichnis.html
 Bestatter Wolter  ;Remsstraße 8;73525;Schwäbisch Gmünd;https://www.bestattungen.de/verzeichnis.html
 Bestattungen Andreas Krauß GmbH  ;Haller Str. 80;73479;Ellwangen / Jagst;https://www.bestattungen.de/verzeichnis.html
 Bestattungen I. Leins  ;Sperberstraße 8;73447;Oberkochen;https://www.bestattungen.de/verzeichnis.html
 Bestattungen mit Herz UG  ;Weißensteinerstr.164;73525;Schwäbisch Gmünd;https://www.bestattungen.de/verzeichnis.html
 Bestattungsinstitut Bauch  ;Paradiesstraße 7;73540;Heubach;https://www.bestattungen.de/verzeichnis.html
 Bestattungsordner der Stadt Oberkochen  ;Kapellensteige 19;73447;Oberkochen;https://www.bestattungen.de/verzeichnis.html
 Bestattungsunternehmen R. Krauß GmbH  ;Unteres Dorf 7;73457;Essingen;https://www.bestattungen.de/verzeichnis.html
 Bestattungsunternehmen Roland Krauß GmbH  ;Heidenheimer Straße 36;73447;Oberkochen;https://www.bestattungen.de/verzeichnis.html
 Dietmar Schmieg Bestattungen  ;Dischinger Straße 36;73450;Neresheim;https://www.bestattungen.de/verzeichnis.html
 Eberhard Bestattungen  ;Hofherrnstraße 10;73434;Aalen;https://www.bestattungen.de/verzeichnis.html
 Eleonore Wolter Bestattungen  ;Hüttlinger Straße 64;73433;Aalen;https://www.bestattungen.de/verzeichnis.html
 Ingrid Leins Bestattungsunternehmen GmbH  ;Schulze-Delitzsch-Str. 11;73434;Aalen;https://www.bestattungen.de/verzeichnis.html
 Karl Römer Bestattungen  ;Schmiedstraße 21;73433;Aalen;https://www.bestattungen.de/verzeichnis.html
 Krauß Bestattungen GmbH  ;Bischof-Fischer-Str. 79;73430;Aalen;https://www.bestattungen.de/verzeichnis.html
 Römer Bestattungen  ;Abtsgmünder Straße 6;73433;Aalen;https://www.bestattungen.de/verzeichnis.html
 Schenk Bestattungen  ;Rotfeldweg 1/1;73489;Jagstzell;https://www.bestattungen.de/verzeichnis.html
 Thomas Winkler Bestattungen  ;Bachgasse 3;73441;Bopfingen;https://www.bestattungen.de/verzeichnis.html
 Bestattungen Friedmann e. K.  ;Buchauer Str. 29;88348;Bad Saulgau;https://www.bestattungen.de/verzeichnis.html
 Bestattungen Hanssler  ;Kirchplatz 9;88630;Pfullendorf;https://www.bestattungen.de/verzeichnis.html
 Bestattungshaus Werner & Hilde Bär  ;In den Burgwiesen 10-12;72488;Sigmaringen;https://www.bestattungen.de/verzeichnis.html
 Bestattungsinstitut Stoß e. K.  ;Friedhofstr. 25;88356;Ostrach;https://www.bestattungen.de/verzeichnis.html
 Brobeil Bestattungen GmbH  ;Weidenweg 9;72488;Sigmaringen;https://www.bestattungen.de/verzeichnis.html
 Gerda Ott-Deufel Bestattungsinstitut  ;Liebfrauenweg 1;72488;Sigmaringen;https://www.bestattungen.de/verzeichnis.html
 Günter Sieber Bestattungsinstitut  ;Guldenbergstr. 3;72510;Stetten;https://www.bestattungen.de/verzeichnis.html
 Hubert Ackermann Bestattungsinstitut  ;Zimmernstraße 15;88637;Leibertingen;https://www.bestattungen.de/verzeichnis.html
 Karl Hanssler Bestattungen  ;Lindenstraße 20;88630;Pfullendorf;https://www.bestattungen.de/verzeichnis.html
 Kieferle Bestattungen und Schreinerei  ;Maurerstraße 5;88512;Mengen;https://www.bestattungen.de/verzeichnis.html
 Maria Braun Bestattungen  ;Hauptstraße 18;88518;Herbertingen;https://www.bestattungen.de/verzeichnis.html
 Stoll Bestattungen  ;Schloßstraße 18;88605;Meßkirch;https://www.bestattungen.de/verzeichnis.html
 Freiburger Bestattungsinstitut  Karl Bernhard Müller  ;Tennenbacher Str. 46;79106;Freiburg;https://www.bestattungen.de/verzeichnis.html
 Bestattungsinstitut Schneider-Hauser  ;Tennenbacher Str. 51 ;79106;Freiburg;https://www.bestattungen.de/verzeichnis.html
 Bestattungsdienst der Stadt Freiburg  ;Friedhofstraße 8;79106;Freiburg;https://www.bestattungen.de/verzeichnis.html
 H. Spittler Bestattungen  ;Hofmattstraße 9A;79112;Freiburg;https://www.bestattungen.de/verzeichnis.html
 Horizonte Bestattungen OHG  ;Haierweg 23a;79114;Freiburg;https://www.bestattungen.de/verzeichnis.html
 Lichtblicke Bestattungen  ;Sonnenbrunnenstr. 15;79112;Freiburg-Waltershofen;https://www.bestattungen.de/verzeichnis.html
 Bestattungen Helmut Bär  ;Sigmaringerstr.97;72458;Albstadt;https://www.bestattungen.de/verzeichnis.html
 Bestattungen Lorch GmbH  ;Ob dem Kieserstal 93;72461;Albstadt;https://www.bestattungen.de/verzeichnis.html
 Bestattungen Ulrich Schmid  ;Zur Oberen Höhe 6;72414;Rangendingen;https://www.bestattungen.de/verzeichnis.html
 Bestattungsinstitut Siegfried Weigold  ;Yorkstraße 21;72475;Bitz;https://www.bestattungen.de/verzeichnis.html
 Erich Koch GmbH Bestattungshaus  ;Robert-Wahl-Str. 26;72336;Balingen;https://www.bestattungen.de/verzeichnis.html
 Friedrichson Bestattungen  ;Oberstadtstraße 22;72401;Haigerloch;https://www.bestattungen.de/verzeichnis.html
 Hertkorn Bestattungen GmbH  ;Balinger Straße 12;72348;Rosenfeld;https://www.bestattungen.de/verzeichnis.html
 Michael Seifert Bestattungsinstitut  ;Holger-Crafoord-Str. 2;72379;Hechingen;https://www.bestattungen.de/verzeichnis.html
 Siegfried Weigold Bestattungsinstitut  ;Bergstraße 76;72475;Bitz;https://www.bestattungen.de/verzeichnis.html
 Wizemann Bestattungen GmbH  ;Ölbergstraße 20;72336;Balingen;https://www.bestattungen.de/verzeichnis.html
 Baumbusch Bestattungen GmbH  ;Abt-Keller-Straße 1;74722;Buchen;https://www.bestattungen.de/verzeichnis.html
 Beerdigungsinstitut Heinz Rupp  ;Hauptstraße 12;69437;Neckargerach;https://www.bestattungen.de/verzeichnis.html
 Bestattungshaus Baumbusch + Finger GmbH  ;Rathausplatz 1;69427;Mudau;https://www.bestattungen.de/verzeichnis.html
 Bestattungshaus Michael Sauter  ;Lachenstr. 6;74740;Adelsheim;https://www.bestattungen.de/verzeichnis.html
 Bestattungshaus Schäfer  ;Einhardstr. 10;74722;Buchen;https://www.bestattungen.de/verzeichnis.html
 BESTATTUNGSHAUS Schäfer & Baumann  ;Dr. Heinrich Köhler Straße 7;74731;Walldürn;https://www.bestattungen.de/verzeichnis.html
 Bestattungshilfe Gerd Wuscher  ;Hauptstr. 36;74928;Hüffenhardt;https://www.bestattungen.de/verzeichnis.html
 Bestattungsinstitut Horst Schicker  ;Kolpingstraße 51;74736;Hardheim;https://www.bestattungen.de/verzeichnis.html
 Bestattungsinstitut Thomas Volk  ;Alte Römerstraße 7;74706;Osterburken;https://www.bestattungen.de/verzeichnis.html
 Das Bestattungshaus Wolfgang Kipp  ;Pfaffengasse 4;69427;Mudau;https://www.bestattungen.de/verzeichnis.html
 Herold Bestattungen  ;Bergsiedlung 12;74850;Schefflenz;https://www.bestattungen.de/verzeichnis.html
 Herold Schreinerei und Bestattungen  ;Rittersbrunnenstraße 2;74740;Adelsheim;https://www.bestattungen.de/verzeichnis.html
 Josef Parsch Bestattungen  ;Walldürner Straße 10;74736;Hardheim;https://www.bestattungen.de/verzeichnis.html
 M. Kegelmann Bestattungen  ;Friedhofstraße 23;74743;Seckach;https://www.bestattungen.de/verzeichnis.html
 Michael Braun Bestattungen und Schreinerei  ;Buchener Straße 13;69429;Waldbrunn;https://www.bestattungen.de/verzeichnis.html
 Schäfer & Baumann Bestattungshaus  ;Einhardstraße 10 ;74722;Buchen;https://www.bestattungen.de/verzeichnis.html
 Bandle Bestattungen  ;Gerberstr. 59;78050;Villingen-Schwenningen;https://www.bestattungen.de/verzeichnis.html
 Bandle-Bestattungs-Institut Villinga GmbH  ;Marbacher Straße 29;78048;Villingen-Schwenningen;https://www.bestattungen.de/verzeichnis.html
 Bestattungen Carmen Hüther  ;Johanniterweg 1;78073;Bad Dürrheim;https://www.bestattungen.de/verzeichnis.html
 Bestattungen Fridolin Scheier  ;Eschacher Straße 7;78176;Blumberg;https://www.bestattungen.de/verzeichnis.html
 Bestattungs-Dienst Laufer GmbH  ;Röntgenstraße 29;78054;Villingen-Schwenningen;https://www.bestattungen.de/verzeichnis.html
 Bestattungsinstitut H. Günther  ;Gerwigstraße 12;78112;Sankt Georgen;https://www.bestattungen.de/verzeichnis.html
 Bestattungsinstitut Holger Ziegler  ;Bert-Brecht-Straße 29;78054;Villingen-Schwenninge;https://www.bestattungen.de/verzeichnis.html
 Bestattungsinstitut Koball GmbH  ;Mühlenstraße 11;78166;Donaueschingen;https://www.bestattungen.de/verzeichnis.html
 Bestattungsinstitut Müller  ;Willmannstraße 3;78073;Bad Dürrheim;https://www.bestattungen.de/verzeichnis.html
 Bestattungsunternehmen Fischer  ;Weitengasse 23;78183;Hüfingen;https://www.bestattungen.de/verzeichnis.html
 Carmen Hüther & Grüneberg Bestattungen  ;Josefsgasse 1;78050;Villingen-Schwenningen;https://www.bestattungen.de/verzeichnis.html
 Die Bestatterin Cordula Schwarzwälder  ;Stellwaldstraße;78126;Königsfeld;https://www.bestattungen.de/verzeichnis.html
 Donatus Ketterer Bestattungsinstitut  ;Höfleberg 1;78136;Schonach;https://www.bestattungen.de/verzeichnis.html
 Haller Bestattungen oHG  ;Gustav-Schwab-Str. 99;78054;Villingen-Schwenningen;https://www.bestattungen.de/verzeichnis.html
 Hans Schweizer Bestattungen und Schreinerei  ;Eckgasse 1;78073;Bad Dürrheim;https://www.bestattungen.de/verzeichnis.html
 Johann Kohler Bestattungen  ;Bergackerstraße 3;78126;Königsfeld;https://www.bestattungen.de/verzeichnis.html
 Josefa Hummel Bestattung  ;Sommerbergstraße 45;78147;Vöhrenbach;https://www.bestattungen.de/verzeichnis.html
 K + P Bestattungsservice e. K., Reinhard Kohnen  ;Obervogt-Huber-Str. 13;78098;Triberg;https://www.bestattungen.de/verzeichnis.html
 Ludwig Aigner Bestattungen  ;Rosenstr. 11-13;78166;Donaueschingen;https://www.bestattungen.de/verzeichnis.html
 M. Fries Bestattungen  ;Bianciweg 1;78136;Schonach;https://www.bestattungen.de/verzeichnis.html
 Margarethe Fries Bestattungen  ;Bergstr. 25;78136;Schonach;https://www.bestattungen.de/verzeichnis.html
 Preidel, Hirt & Butz Bestattungshaus am Friedhof GmbH  ;Marbacher Str. 15;78048;Villingen-Schwenningen;https://www.bestattungen.de/verzeichnis.html
 Preidel, Hirt + Butz Bestattungshaus am Friedhof GmbH  ;Kinzigstr. 19;78112;Sankt Georgen;https://www.bestattungen.de/verzeichnis.html
 Bestattungshaus Hiestand e. K.  ;Ravensburger Str. 20;88677;Markdorf;https://www.bestattungen.de/verzeichnis.html
 Herbert Dreher Bestattungen  ;Aachstraße 46;88690;Uhldingen-Mühlhofen;https://www.bestattungen.de/verzeichnis.html
 Abt Bestattungen  ;Hauptstraße 3;88074;Meckenbeuren;https://www.bestattungen.de/verzeichnis.html
 Arthur Segelbacher Bestattungsdienst  ;Brückenstraße 15;88097;Eriskirch;https://www.bestattungen.de/verzeichnis.html
 Bestattungen Dreher  ;Schwedenstraße 18;88682;Salem;https://www.bestattungen.de/verzeichnis.html
 Bestattungs- u. Überführungsdienst Stadt Überlingen   ;Friedhofstr. 43 ;88662;Überlingen;https://www.bestattungen.de/verzeichnis.html
 Bestattungs-Institut  Vogt GmbH  ;Paulinenstr. 1;88045;Friedrichshafen;https://www.bestattungen.de/verzeichnis.html
 Bestattungs-Institut Vogt GmbH  ;Babelstr. 1a;88662;Überlingen;https://www.bestattungen.de/verzeichnis.html
 Bestattungsdienst Wurm GmbH  ;Barbelstraße 1A;88662;Überlingen;https://www.bestattungen.de/verzeichnis.html
 Hubert Ammann Bestattungsinstitut  ;Weiherstraße 24;88048;Friedrichshafen;https://www.bestattungen.de/verzeichnis.html
 Othmar Segelbacher Bestattungsinstitut  ;Ravensburger Str. 26;88069;Tettnang;https://www.bestattungen.de/verzeichnis.html
 Peter Pohl Bestattungsinstitut  ;Manzeller Str. 20;88045;Friedrichshafen;https://www.bestattungen.de/verzeichnis.html
 Helga Baumgärtner Bestattungsinstitut  ;Oberbaselweg 6/1;79576;Weil am Rhein;https://www.bestattungen.de/verzeichnis.html
 Adelbert Mayer Bestattungen  ;Im Geistergarten 7;79418;Schliengen;https://www.bestattungen.de/verzeichnis.html
 Bestatter Walter Rümmele  ;Schönauer Straße 57;79669;Zell;https://www.bestattungen.de/verzeichnis.html
 Bestattungen Marcel Linder  ;Kronenstr. 21;79618;Rheinfelden;https://www.bestattungen.de/verzeichnis.html
 Bestattungen Martin Frank  ;Müßmattstraße 41;79618;Rheinfelden Baden;https://www.bestattungen.de/verzeichnis.html
 Bestattungen Martin Frank Inhaber Bernd Mattes e. K.  ;Werderstr. 38;79618;Rheinfelden;https://www.bestattungen.de/verzeichnis.html
 Bestattungen Peter Raupp  ;Hauptstraße 58/1;79400;Kandern;https://www.bestattungen.de/verzeichnis.html
 Bestattungsunternehmen Helga Baumgärtner  ;Marktplatz 13;79400;Kandern;https://www.bestattungen.de/verzeichnis.html
 Bieg Bestattungen   ;Riesstraße 12;79539;Lörrach;https://www.bestattungen.de/verzeichnis.html
 Frank Roser Bestattungen  ;Untereckstr. 6;79539;Lörrach;https://www.bestattungen.de/verzeichnis.html
 Fritz Förster Bestattungen  ;Birkenweg 2;79585;Steinen;https://www.bestattungen.de/verzeichnis.html
 Gretel Walser Bestattungen  ;Feuerbachstraße 7;79588;Efringen-Kirchen;https://www.bestattungen.de/verzeichnis.html
 Helmut Klingele Bestattungsinstitut  ;Feldbergstr. 10;79539;Lörrach;https://www.bestattungen.de/verzeichnis.html
 Matthias Hurst Bestattungen  ;Basler Straße 3;79576;Weil am Rhein;https://www.bestattungen.de/verzeichnis.html
 Rümmele  ;Spitalstraße 1;79674;Todtnau;https://www.bestattungen.de/verzeichnis.html
 Bestattungen am Rathaus  ;Marktstr. 38;71672;Marbach;https://www.bestattungen.de/verzeichnis.html
 Junge Bestattungen  ;Stuttgarter Straße 30;71701;Schwieberdingen;https://www.bestattungen.de/verzeichnis.html
 Abendfrieden Bestattungen  ;Bietigheimer Str. 31;74379;Ingersheim;https://www.bestattungen.de/verzeichnis.html
 Abendfrieden Concordia Bestattungen GmbH  ;Schorndorfer Str. 51;71638;Ludwigsburg;https://www.bestattungen.de/verzeichnis.html
 Anita Märtin Bestattungen + Trauerbegleitung  ;Weilimdorfer Str. 1;70825;Korntal-Münchingen;https://www.bestattungen.de/verzeichnis.html
 Bernd Reisinger Bestattungsunternehmen  ;Alemannenstraße 1;74376;Gemmrigheim;https://www.bestattungen.de/verzeichnis.html
 BESTATTUNGEN ALPHA OMEGA STUTTGART  ;Feuerbacherstr.13;70839;Stuttgart;https://www.bestattungen.de/verzeichnis.html
 Bestattungen Berthold  ;Leonberger Straße 29/1;71254;Ditzingen;https://www.bestattungen.de/verzeichnis.html
 Bestattungen Duhm GmbH  ;Siegelhäuserstr. 5;71563;Affalterbach;https://www.bestattungen.de/verzeichnis.html
 Bestattungen Gölz-Raible Inh. Katja und Stefan Raible  ;Schafbergstr. 16;70806;Kornwestheim;https://www.bestattungen.de/verzeichnis.html
 Bestattungen Reindl  ;Hirschmannring 40;71726;Benningen;https://www.bestattungen.de/verzeichnis.html
 Bestattungen Strauß  ;Grempstraße 30;71665;Vaihingen;https://www.bestattungen.de/verzeichnis.html
 Bestattungsdienst IGNATIA  ;Kleinbottwarer Straße 31;71723;Großbottwar;https://www.bestattungen.de/verzeichnis.html
 Bestattungshaus Ruthardt  ;Liebigstr. 10;71636;Ludwigsburg;https://www.bestattungen.de/verzeichnis.html
 Bestattungshaus Wolfgang Strobel  ;Rohräckerstr. 10;74321;Bietigheim-Bissingen;https://www.bestattungen.de/verzeichnis.html
 Bestattungsinstitut Fink  ;Am Alten Markt 4;71672;Marbach;https://www.bestattungen.de/verzeichnis.html
 Bestattungsinstitut Franc Ivancic  ;Neckarstr. 30;71686;Remseck;https://www.bestattungen.de/verzeichnis.html
 Bestattungsinstitut Herma Pietät  ;Amannstraße 2;74357;Bönnigheim;https://www.bestattungen.de/verzeichnis.html
 Bestattungen Dürr  ;Hermannstraße 4/2;75428;Illingen;https://www.bestattungen.de/verzeichnis.html
 Bestattungen Neuweiler  ;Hardtstraße 6;75334;Straubenhardt;https://www.bestattungen.de/verzeichnis.html
 Bestattungen Schroth  ;Brunnenstraße 2/1;75210;Keltern;https://www.bestattungen.de/verzeichnis.html
 Bestattungshaus Einert GmbH  ;Hauptstraße 21;75228;Ispringen;https://www.bestattungen.de/verzeichnis.html
 Bestattungsinstitut Schleihauf  ;Schillerstraße 55;75417;Mühlacker;https://www.bestattungen.de/verzeichnis.html
 Bestattungsinstitut Schnalke  ;Schulstraße 4;75228;Ispringen;https://www.bestattungen.de/verzeichnis.html
 H. Bickel Bestattungen  ;Haydnstraße 37;75417;Mühlacker;https://www.bestattungen.de/verzeichnis.html
 H. Gräßle Bestattungen  ;Marktstraße 43;75196;Remchingen;https://www.bestattungen.de/verzeichnis.html
 H. Scholl Bestattungen  ;Hintere Straße 3;75446;Wiernsheim;https://www.bestattungen.de/verzeichnis.html
 Krompholz Bestattungsunternehmen  ;Fichtenstraße 7;75217;Birkenfeld;https://www.bestattungen.de/verzeichnis.html
 Maria Krompholz Bestattung  ;Ringstraße 15;75331;Engelsbrand;https://www.bestattungen.de/verzeichnis.html
 R. Ludwig Bestattungen  ;Obere Bergstraße 1;75433;Maulbronn;https://www.bestattungen.de/verzeichnis.html
 Schnalke Bestattungsinstitut  ;Dr.-Simons-Straße 26;75417;Mühlacker;https://www.bestattungen.de/verzeichnis.html
 Sebastian Kopp Bestattungen  ;Dietlinger Str. 6;75217;Birkenfeld;https://www.bestattungen.de/verzeichnis.html
 “Lichtweg“ Ulrike Erna Hess e.K.  ;Hugo-Herrmann-Straße 41;88213;Ravensburg;https://www.bestattungen.de/verzeichnis.html
 Angelus Hengge Bestattungen GmbH  ;Gartenstraße 62;88212;Ravensburg;https://www.bestattungen.de/verzeichnis.html
 Angelus Hengge Bestattungshaus GmbH  ;Ravensburger Straße 32;88250;Weingarten;https://www.bestattungen.de/verzeichnis.html
 Angelus Hengge GmbH Bestattungen  ;Federburgstraße 87;88214;Ravensburg;https://www.bestattungen.de/verzeichnis.html
 Angelus Hengge GmbH Bestattungshaus Weingarten  ;St. Konrad Straße 31;88250;Weingarben;https://www.bestattungen.de/verzeichnis.html
 B. Trunz Bestattungen  ;Hindenburgstraße 38;88361;Altshausen;https://www.bestattungen.de/verzeichnis.html
 Beerdigungsinstitut Nikolaus Wirth  ;Hauptstraße 68;88339;Bad Waldsee;https://www.bestattungen.de/verzeichnis.html
 Bestattungen Frommknecht  ;Burgplatz 3;88316;Isny;https://www.bestattungen.de/verzeichnis.html
 Bestattungen Gredler GmbH  ;Tautenhofer Str. 4;88299;Leutkirch;https://www.bestattungen.de/verzeichnis.html
 Bestattungen Voss  ;Steinacher Straße 7;88339;Bad Waldsee;https://www.bestattungen.de/verzeichnis.html
 Bestattungen Wohlschieß  ;Eisenbahnstraße 1;88255;Baienfurt;https://www.bestattungen.de/verzeichnis.html
 Frieden Bestattungsdienst  ;Seestr. 19 ;88214;Ravensburg;https://www.bestattungen.de/verzeichnis.html
 Friedrich Wurm Bestattungsdienst  ;Leutkircher Straße 27;88239;Wangen;https://www.bestattungen.de/verzeichnis.html
 Gredler Bestattungen  ;Altmannshofen 26;88317;Aichstetten;https://www.bestattungen.de/verzeichnis.html
 Hengge GmbH Bestattungen  ;Witzensteig 1;88260;Argenbühl;https://www.bestattungen.de/verzeichnis.html
 Memoria Bestattungen Nicole Schnetzer  ;Anton-Waldner-Str.15;88239;Wangen im Allgäu;https://www.bestattungen.de/verzeichnis.html
 Reich Bestattungsdienst  ;Am Engelberg 33b;88239;Wangen;https://www.bestattungen.de/verzeichnis.html
 Siegfried Reich Bestattungsdienst  ;Alpgaustr. 3;88260;Argenbühl-Eglofs;https://www.bestattungen.de/verzeichnis.html
 Stauber GmbH Bestattungen  ;Ravensburger Str. 83;88239;Wangen im Allgäu;https://www.bestattungen.de/verzeichnis.html
 Thaler GbR Möbelhaus, Schreinerei u. Bestattungen  ;Mockenstraße 8;88326;Aulendorf;https://www.bestattungen.de/verzeichnis.html
 Vinzenz Forstenhäusler Bestattungen  ;Ravensburger Str. 12;88287;Grünkraut;https://www.bestattungen.de/verzeichnis.html
 Baden-Badener Bestattungsunternehmen  ;Friedhofstraße 7;76530;Baden-Baden;https://www.bestattungen.de/verzeichnis.html
 Bestattungen-Ernst  ;Rheinstraße 160;76532;Baden-Baden;https://www.bestattungen.de/verzeichnis.html
 Rainer Weber Bestattungen  ;Neumattring 8;76532;Baden-Baden;https://www.bestattungen.de/verzeichnis.html
 Rainer Weber Bestattungen und Schreinerei  ;Dekan-Höfler-Straße 1;76532;Baden-Baden;https://www.bestattungen.de/verzeichnis.html
 Acherner Bestattungsinstitut Maximilian Schwenk  ;Gerberstr. 3-4;77855;Achern;https://www.bestattungen.de/verzeichnis.html
 Bestattungen Hilzinger GmbH  ;Krokusweg 7;77694;Kehl;https://www.bestattungen.de/verzeichnis.html
 Bestattungsinstitut Klein GmbH  ;Spießgasse 1;77694;Kehl am Rhein;https://www.bestattungen.de/verzeichnis.html
 Bestattungsinstitut Zähringer  ;Friedhofstr. 38a;77933;Lahr;https://www.bestattungen.de/verzeichnis.html
 Eichhorn Bestattung  ;Selzenweg 3;77971;Kippenheim;https://www.bestattungen.de/verzeichnis.html
 Erwin Seitel Bestattungsinstitut  ;Allmendstr. 6;77948;Friesenheim;https://www.bestattungen.de/verzeichnis.html
 Ettenheimer Bestattungsinstitut Weisbach e. K.  ;Sägereute 2;77955;Ettenheim;https://www.bestattungen.de/verzeichnis.html
 F.-J. Fischer Bestattungen  ;Reichenbacher Hauptstraße 17;77933;Lahr;https://www.bestattungen.de/verzeichnis.html
 Frank Bestattungsinstitut  ;Renchener Str. 11;77704;Oberkirch;https://www.bestattungen.de/verzeichnis.html
 G. Bitsch Bestattungen  ;Engelberg 8;77740;Bad Peterstal-Griesbach;https://www.bestattungen.de/verzeichnis.html
 Geiger Bestattungshaus  ;Moltkestraße 27;77654;Offenburg;https://www.bestattungen.de/verzeichnis.html
 Gengenbacher Bestattungsinstitut Zimmermann und Laug GmbH  ;Flößerstraße 15;77723;Gengenbach;https://www.bestattungen.de/verzeichnis.html
 Irmgard Kimmig Bestattung und Begleitung  ;Rotenbachstr. 7;77728;Oppenau;https://www.bestattungen.de/verzeichnis.html
 Käshammer Bestattungen  ;Albert-Köhler-Straße 16;77883;Ottenhöfen im Schwarzwald;https://www.bestattungen.de/verzeichnis.html
 Kiechle Bestattungsinstitut GmbH  ;Ebertplatz 19;77654;Offenburg;https://www.bestattungen.de/verzeichnis.html
 Lahrer Bestattungsinstitut Bolz GmbH  ;Friedhofstr. 35;77933;Lahr;https://www.bestattungen.de/verzeichnis.html
 Martin Fischer Bestattungen  ;Unterdorfstraße 6;77880;Sasbach;https://www.bestattungen.de/verzeichnis.html
 Offenburger Bestattungsinstitut Karl Heidenreich GmbH  ;Weingartenstr. 74;77654;Offenburg;https://www.bestattungen.de/verzeichnis.html
 Pietät Bestattungshaus Messner  ;Strickerweg 1a;77716;Haslach;https://www.bestattungen.de/verzeichnis.html
 R. Messner Bestattungen  ;Turnhallestraße 32;77654;Offenburg;https://www.bestattungen.de/verzeichnis.html
 Rheinauer Bestattungen  ;Schwimmbadstraße 3;77866;Rheinau;https://www.bestattungen.de/verzeichnis.html
 Rolf Hummel Bestattungen  ;An der Acher 8;77855;Achern;https://www.bestattungen.de/verzeichnis.html
 Theresia Bürkle Bestattungen  ;Schweizergasse 20;77746;Schutterwald;https://www.bestattungen.de/verzeichnis.html
 W. Schondelmaier Bestattungen  ;Reichenbacher Straße 21;78132;Hornberg;https://www.bestattungen.de/verzeichnis.html
 Zimmermann u. Laug GmbH Bestattungshaus  ;Oberdorfstraße 23A;77974;Meißenheim;https://www.bestattungen.de/verzeichnis.html
 Achim Gebhardt GbR Bestattungen  ;Rieglerstr. 19;79331;Teningen;https://www.bestattungen.de/verzeichnis.html
 Bestattungsinstitut Wilhelm Volz jun.  ;Hochburger Str. 15;79312;Emmendingen;https://www.bestattungen.de/verzeichnis.html
 Bestattungsunternehmen Dieter Prusnat  ;Tannenweg 1;79183;Waldkirch;https://www.bestattungen.de/verzeichnis.html
 Dieter Moser Schreinerei und Bestattungen  ;Elzstraße 34;79261;Gutach;https://www.bestattungen.de/verzeichnis.html
 Dorothea Müßle Bestattungen  ;Erbprinzenstr. 9;79367;Weisweil;https://www.bestattungen.de/verzeichnis.html
 Frank Siegwarth Bestattungshaus  ;Gartenstr. 6;79312;Emmendingen;https://www.bestattungen.de/verzeichnis.html
 Helmut Bühler Bestattungsinstitut  ;Hauptstr. 174;79211;Denzlingen;https://www.bestattungen.de/verzeichnis.html
 K. Heudorf Bestattungen  ;Hofestraße 11;79336;Herbolzheim;https://www.bestattungen.de/verzeichnis.html
 Martin Stocker Bestattungsunternehmen  ;Lange Str. 69;79183;Waldkirch;https://www.bestattungen.de/verzeichnis.html
 Rolf Bühler Bestattungen  ;Denzlinger Str. 6;79312;Emmendingen;https://www.bestattungen.de/verzeichnis.html
 T. Leon Bestattungen  ;Im Gaiswasser 10;79346;Endingen;https://www.bestattungen.de/verzeichnis.html
 Trauerhilfe Raithel GbR  ;Am Wetterbach 90;76228;Karlsruhe;https://www.bestattungen.de/verzeichnis.html
 Bestattungen Haas  ;Lessingstr. 17;76297;Stutensee;https://www.bestattungen.de/verzeichnis.html
 Bestattungen Robert Ganninger  ;Südring 36;76669;Bad Schönborn;https://www.bestattungen.de/verzeichnis.html
 Bestattungsinstitut Meid  ;Hermann-Hesse-Platz 1;76669;Bad Schönborn;https://www.bestattungen.de/verzeichnis.html
 Beate Bestattungen  ;Schillerstraße 10/1;76297;Stutensee;https://www.bestattungen.de/verzeichnis.html
 Berthold Neidinger Bestattungsdienst  ;Menzinger Straße 30;76703;Kraichtal;https://www.bestattungen.de/verzeichnis.html
 Bestattungen Aufinger  ;Moosbronner Straße 48;76275;Ettlingen;https://www.bestattungen.de/verzeichnis.html
 Bestattungen Becker  ;Kriegstraße 1a;76287;Rheinstetten;https://www.bestattungen.de/verzeichnis.html
 Bestattungen Deck  ;Elsenzer Straße 13;76703;Kraichtal;https://www.bestattungen.de/verzeichnis.html
 Bestattungen Eissler  ;Burggrundstr. 57;76646;Bruchsal;https://www.bestattungen.de/verzeichnis.html
 Bestattungen Ernst Eissler  ;Durlacherstraße 70;76646;Bruchsal;https://www.bestattungen.de/verzeichnis.html
 Bestattungen Kiefer  ;Tiengener  Str. 4;76227;Karlsruhe;https://www.bestattungen.de/verzeichnis.html
 Bestattungen Nagel  ;Spechaa Straße 22;76297;Stutensee;https://www.bestattungen.de/verzeichnis.html
 Bestattungen Tom  ;Rudolf-Dieselstr.24;76356;Weingarten (Baden);https://www.bestattungen.de/verzeichnis.html
 Bestattungen und Trauerbegleitung Schürkamp-Weber  ;Durlacher Straße 26;76275;Ettlingen;https://www.bestattungen.de/verzeichnis.html
 Robert Klein Bestattungen  ;August-Brändle-Str. 1;70734;Fellbach;https://www.bestattungen.de/verzeichnis.html
 Bestattungen Scheufele  ;Backnanger Straße 19;73635;Rudersberg;https://www.bestattungen.de/verzeichnis.html
 Horizont Bestattungen  ;Bahnhofstrasse 64/1;71332;Waiblingen;https://www.bestattungen.de/verzeichnis.html
 Abschied-Nehmen Bestattungen (Stammhaus Waiblingen)  ;Schmidener Straße 4;71332;Waiblingen;https://www.bestattungen.de/verzeichnis.html
 Abschied-Nehmen Bestattungen (Filiale Berglen)  ;Beethovenstraße 30;73663;Berglen;https://www.bestattungen.de/verzeichnis.html
 Abschied-Nehmen Bestattungen (Filiale Korb)  ;Neustädter Straße 6/3;71404;Korb;https://www.bestattungen.de/verzeichnis.html
 Abschied-Nehmen Bestattungen (Filiale Leutenbach)  ;Hauptstraße 10;71397;Leutenbach;https://www.bestattungen.de/verzeichnis.html
 Abschied-Nehmen Bestattungen (Filiale Weinstadt)  ;Buhlstraße 48;71384;Weinstadt;https://www.bestattungen.de/verzeichnis.html
 Abschied-Nehmen Bestattungen (Stammhaus Winnenden)  ;Albertviller Straße 35;71364;Winnenden;https://www.bestattungen.de/verzeichnis.html
 Abschiedshaus  ;Friedrich-Bauer-Straße 38;73642;Welzheim;https://www.bestattungen.de/verzeichnis.html
 Bestattungen Braun  ;Kirchrain 4;71540;Murrhardt;https://www.bestattungen.de/verzeichnis.html
 Bestattungen Golding  ;Beinsteiner Straße 38;71334;Waiblingen;https://www.bestattungen.de/verzeichnis.html
 Bestattungen Laible  ;Kurzestr. 1;71409;Schwaikheim;https://www.bestattungen.de/verzeichnis.html
 Bestattungen Schäfer + Roth  ;Remstalstraße 4;70736;Fellbach;https://www.bestattungen.de/verzeichnis.html
 Bestattungshaus Weissach  ;Backnanger Straße 3;71554;Weissach im Tal;https://www.bestattungen.de/verzeichnis.html
 Bestattungshaus Zur Ruhe  ;Aspacher Straße 70;71522;Backnang;https://www.bestattungen.de/verzeichnis.html
 Bestattungshaus Zur Ruhe (Filiale Großaspach)  ;Kernerstraße 1;71546;Großaspach;https://www.bestattungen.de/verzeichnis.html
 Bestattungshaus Zur Ruhe (Filiale Murrhardt)  ;Torgasse 6;71540;Murrhardt;https://www.bestattungen.de/verzeichnis.html
 Bestattungshaus Zur Ruhe (Filiale Unterweissach)  ;Marktplatz 6;71554;Unterweissach;https://www.bestattungen.de/verzeichnis.html
 Bestattungsinstitut Edmund Dietrich GmbH  ;Gmünder Str. 63;73614;Schorndorf;https://www.bestattungen.de/verzeichnis.html
 Bestattungsinstitut Hofmeister  ;Lange Straße 2;71394;Kernen;https://www.bestattungen.de/verzeichnis.html
 Bestattungsinstitut Paul Hofmeister GmbH   ;August-Brändle-Straße 42;70734;Fellbach;https://www.bestattungen.de/verzeichnis.html
 Bestattungsinstitut Paul Hofmeister GmbH  ;Steigstraße 2;71394;Kernen;https://www.bestattungen.de/verzeichnis.html
 Bestattungsunternehmen Golding  ;Albertviller Straße 35;71364;Winnenden;https://www.bestattungen.de/verzeichnis.html
 Ehmann Bestattungen  ;Schillerstraße 7;73642;Welzheim;https://www.bestattungen.de/verzeichnis.html
 Erstes Schorndorfer Bestattungsinstitut Stocker Inh. I. Göbe  ;Gmünder Str. 14;73614;Schorndorf;https://www.bestattungen.de/verzeichnis.html
 F. Kleinknecht Bestattungen  ;Bei der Kappel 6;71336;Waiblingen;https://www.bestattungen.de/verzeichnis.html
 Herbert Fink Bestattungsinstitut  ;Bildäcker 3;71737;Kirchberg an der Murr;https://www.bestattungen.de/verzeichnis.html
 Kölle Walter GmbH Bestattungsunternehmen  ;Holbeinweg 4;71332;Waiblingen;https://www.bestattungen.de/verzeichnis.html
 Kurt Häußer - Erstes Backnanger Bestattungsinstitut  ;Lange Äcker 2 ;71522;Backnang;https://www.bestattungen.de/verzeichnis.html
 Max Bestattungen  ;Luise-Duttenhofer-Weg 5;71334;Waiblingen;https://www.bestattungen.de/verzeichnis.html
 Michael Langhammer Bestattungen  ;Werkstraße 7;71384;Weinstadt-Endersbach;https://www.bestattungen.de/verzeichnis.html
 Paul Hofmeister GmbH Bestattungsinstitut  ;Schwabstraße 6;70734;Fellbach;https://www.bestattungen.de/verzeichnis.html
 Schäfer und Roth Bestattungen  ;Hauptstraße 34;71394;Kernen;https://www.bestattungen.de/verzeichnis.html
 TrauerHaus Wolters Bestattungen  ;Gottlieb-Daimler-Straße 43;73614;Schorndorf;https://www.bestattungen.de/verzeichnis.html
 Albuch Bestattungen Bernd Jahraus e. K.  ;Stubentalstr. 60;89518;Heidenheim;https://www.bestattungen.de/verzeichnis.html
 Bestattungsunternehmen Manfred Schleicher  ;Gussenstr. 7/1;89547;Gerstetten;https://www.bestattungen.de/verzeichnis.html
 Brenztal Trauerhilfe Siegfried Jahraus  ;Hossenriedstr. 52;89537;Giengen / Brenz;https://www.bestattungen.de/verzeichnis.html
 C. Schneller Bestattungen  ;Benzstraße 22;89520;Heidenheim;https://www.bestattungen.de/verzeichnis.html
 Erstes Bestattungsinstitut in Heidenheim  ;Friedrich-Ebert-Str. 24;89522;Heidenheim;https://www.bestattungen.de/verzeichnis.html
 Erstes Bestattungsinstitut in Heidenheim Bestattungshaus Sie  ;Keplerstr. 1;89555;Steinheim;https://www.bestattungen.de/verzeichnis.html
 Erstes Giengener Bestattungsinstitut Karl-Otto Leibersberger  ;Oberdorfstr. 46;89522;Heidenheim-Mergelstetten;https://www.bestattungen.de/verzeichnis.html
 Harald Preiß Bestattungsinstitut   ;Seestraße 4;89522;Heidenheim;https://www.bestattungen.de/verzeichnis.html
 Leibersberger Bestattungen  ;Oberdorfstraße 46;89522;Heidenheim-Mergelstetten;https://www.bestattungen.de/verzeichnis.html
 Pusch Bestattungen  ;Itzelberger Straße 11;89551;Königsbronn;https://www.bestattungen.de/verzeichnis.html
 Bestattungen Günther Schaller  ;Albert-Einstein-Straße 1;88422;Bad Buchau;https://www.bestattungen.de/verzeichnis.html
 Bestattungen Schaller  ;Georg-Kaeß-Straße 10;88427;Bad Schussenried;https://www.bestattungen.de/verzeichnis.html
 Bestattungen Schmidt  ;Astiallee 91;88400;Biberach;https://www.bestattungen.de/verzeichnis.html
 Bestattungen Strobl  ;Käppelesplatz 1;88447;Warthausen;https://www.bestattungen.de/verzeichnis.html
 Bestattungsdienst Günther Fisel  ;Betzenweiler Str. 6;88525;Hailtingen;https://www.bestattungen.de/verzeichnis.html
 Christian Kaiser Bestattungen  ;Unterriedstraße 4;88499;Riedlingen;https://www.bestattungen.de/verzeichnis.html
 Christian Streidt Bestattungsinstitut GmbH  ;Obere Straße 6;88477;Schwendi;https://www.bestattungen.de/verzeichnis.html
 Fisel Bestattungsinstitut  ;Zollhauserstraße 1;88499;Riedlingen;https://www.bestattungen.de/verzeichnis.html
 Friedmann Bestattungen  ;Hindenburgstraße 47;88499;Riedlingen;https://www.bestattungen.de/verzeichnis.html
 G. Voss Bestattungen  ;Hindenburgstraße 36;88499;Riedlingen;https://www.bestattungen.de/verzeichnis.html
 Keller-Rehm Bestattungsdienst  ;Quellenweg 14;88430;Rot;https://www.bestattungen.de/verzeichnis.html
 Klaus Schmidt Bestattungsdienst  ;Astiallee 91;88400;Biberach;https://www.bestattungen.de/verzeichnis.html
 Mischke Bestattungen  ;Äpfinger Straße 7;88437;Maselheim;https://www.bestattungen.de/verzeichnis.html
 Peter Winter Bestattungsinsttut  ;Ehingerstr. 24;88471;Laupheim;https://www.bestattungen.de/verzeichnis.html
 Schmidberger Bestattungen GmbH  ;Wilhelm-Schussen-Str. 57;88427;Bad Schussenried;https://www.bestattungen.de/verzeichnis.html
 Bernd Hafa Bestattungen  ;In der Au 55;78628;Rottweil;https://www.bestattungen.de/verzeichnis.html
 Bestattungen Cornelia Flaig  ;Seedorfer Straße 60;78713;Waldmössingen;https://www.bestattungen.de/verzeichnis.html
 Bestattungen HÄRLE  ;Brandeckerstraße 75;78727;Oberndorf am Neckar;https://www.bestattungen.de/verzeichnis.html
 Bestattungen Meng  ;Friedhofweg 4;78733;Aichhalden;https://www.bestattungen.de/verzeichnis.html
 Bestattungen Schick und Wittelsberger  ;Vorstadt 5;72172;Sulz;https://www.bestattungen.de/verzeichnis.html
 Bestattungen Weber Inh. Bernd Dölker  ;Bahnhofstraße 17;78727;Oberndorf a. N.;https://www.bestattungen.de/verzeichnis.html
 Bestattungsdienst Jerke  ;Wagnerplatz 8;72175;Dornhan;https://www.bestattungen.de/verzeichnis.html
 Bestattungshaus Weisser  ;Mariazeller Straße 79;78713;Schramberg;https://www.bestattungen.de/verzeichnis.html
 Fader & Koch Holzhandlung, Schreinerei u. Bestattungen  ;Wittumweg 6;78713;Schramberg;https://www.bestattungen.de/verzeichnis.html
 Harter Bestattungen  ;Bahnhofstraße 5;77761;Schiltach;https://www.bestattungen.de/verzeichnis.html
 Hertkorn Bestattungen GmbH 1. Rottweiler Best.-Inst.  ;Marxstr. 2;78628;Rottweil;https://www.bestattungen.de/verzeichnis.html
 Jörg-Peter Hauser Bestattungsinstitut  ;Uhlandstr. 54;78713;Schramberg;https://www.bestattungen.de/verzeichnis.html
 W. Rottweiler Bestattungen  ;Schloß 7;78628;Rottweil;https://www.bestattungen.de/verzeichnis.html
 Georg Deggelmann GmbH  ;Vordere Weidstaud 2 ;78465;Konstanz;https://www.bestattungen.de/verzeichnis.html
 Alemannia Bestattungs-GmbH  ;Gartenstr. 27;78462;Konstanz;https://www.bestattungen.de/verzeichnis.html
 Bestattung Die letzte Reise   ;Hardtbergstraße 10;78224;Singen;https://www.bestattungen.de/verzeichnis.html
 Bestattungen Maier GbR  ;Dorfgärten 3;78244;Gottmadingen;https://www.bestattungen.de/verzeichnis.html
 Bestattungshaus Pietät Decker e. K.  ;Schaffhauser Str. 98;78224;Singen;https://www.bestattungen.de/verzeichnis.html
 Bestattungsinstitut Wengert  ;Mainaustr. 79;78464;Konstanz;https://www.bestattungen.de/verzeichnis.html
 Concordia Bestattungs- u.  Überführungsinstitut Alfred Richt  ;                                78479 Reichenau;78479;Reichenau;https://www.bestattungen.de/verzeichnis.html
 Concordia Bestattungs- u. Überführungsinstitut  ;Zähringerplatz 15;78464;Konstanz;https://www.bestattungen.de/verzeichnis.html
 Concordia Bestattungs- u. Überführungsinstitut Alfred Richte  ;                                78476 Allensbach;78476;Allensbach;https://www.bestattungen.de/verzeichnis.html
 Ernst Horn Bestattungsinstitut  ;Hägerweg 14;78333;Stockach;https://www.bestattungen.de/verzeichnis.html
 Erwin Seidler Bestattungsinstitut  ;Im Heimgarten 27;78234;Engen;https://www.bestattungen.de/verzeichnis.html
 Gerhard Weiermann Schreinerei und Bestattungen  ;Im Kohlgarten 5;78343;Gaienhofen;https://www.bestattungen.de/verzeichnis.html
 Günther Koller Bestattungen  ;Lange Straße 76;78256;Steißlingen;https://www.bestattungen.de/verzeichnis.html
 Günther Koller Bestattungsinstitut  ;Teggingerstr. 7;78315;Radolfzell;https://www.bestattungen.de/verzeichnis.html
 Homburger Bestattungshaus Ralf Homburger e. K.  ;Schaffhauserstr. 52;78224;Singen;https://www.bestattungen.de/verzeichnis.html
 Müller & Michel Bestattungs und Überführungsinstitut  ;Buhlenweg 5c;78467;Konstanz;https://www.bestattungen.de/verzeichnis.html
 Nachlassprofi  ;In den Kohlwiesen 1;78234;Engen;https://www.bestattungen.de/verzeichnis.html
 Ursula Burri und Werner Keller GbR Bestattungen  ;Markthallenstr. 18;78315;Radolfzell;https://www.bestattungen.de/verzeichnis.html
 C. Lüft Bestattungen  ;Wilhelm-Busch-Straße 6;69502;Hemsbach;https://www.bestattungen.de/verzeichnis.html
 1. Weinheimer Bestattungsunternehmen eG  ;Bergstraße 158;69469;Weinheim;https://www.bestattungen.de/verzeichnis.html
 August Schütz Bestattungen  ;Von-Hindenburg-Straße 24;74924;Neckarbischofsheim;https://www.bestattungen.de/verzeichnis.html
 Beerdigung-Institut Eberbach  ;Friedrichsdorfer Landstraße 10A;69412;Eberbach;https://www.bestattungen.de/verzeichnis.html
 Bender Volker Bestattungsinstitut GmbH  ;Ringstraße 18;69168;Wiesloch;https://www.bestattungen.de/verzeichnis.html
 Bestatter Werner Ullrich   ;Heldestraße 25;74921;Helmstadt-Bargen;https://www.bestattungen.de/verzeichnis.html
 Bestattungen Andreas Froschauer  ;Ortsstraße 69;69234;Dielheim;https://www.bestattungen.de/verzeichnis.html
 Bestattungen Brenner-Münch  ;Jahnstraße 60;68766;Hockenheim;https://www.bestattungen.de/verzeichnis.html
 Bestattungen Geider  ;Bernhardusstraße 41;68789;St. Leon-Rot;https://www.bestattungen.de/verzeichnis.html
 Bestattungen Gräber-Bender  ;Röhrgasse 14;69168;Wiesloch;https://www.bestattungen.de/verzeichnis.html
 Bestattungen Gregor  ;Industriestraße 4;68542;Heddesheim;https://www.bestattungen.de/verzeichnis.html
 Bestattungen Trotter  ;Massengasse 19;69226;Nußloch;https://www.bestattungen.de/verzeichnis.html
 Bestattungs-Institut Brenner GmbH  ;Alte Heerstr. 8;69168;Wiesloch;https://www.bestattungen.de/verzeichnis.html
 Bestattungshaus Gerhard Düll  ;Heidelberger Straße 21;69256;Mauer;https://www.bestattungen.de/verzeichnis.html
 Bestattungshaus Kurz-Feuerstein e. K.  ;Hauptstraße 40;69214;Eppelheim;https://www.bestattungen.de/verzeichnis.html
 Bestattungshaus Mathes-Eisengrein  ;Odenwaldstraße 2;69412;Eberbach;https://www.bestattungen.de/verzeichnis.html
 Bestattungshaus Wink GmbH  ;Tinqueuxallee 25;69181;Leimen;https://www.bestattungen.de/verzeichnis.html
 Bestattungshilfe Wuscher  ;Odenwaldstraße 55;69412;Eberbach;https://www.bestattungen.de/verzeichnis.html
 Bestattungsinstitut Alexander Klein  ;Hauptstraße 79;69214;Eppelheim;https://www.bestattungen.de/verzeichnis.html
 Bestattungsinstitut Jäckle GmbH  ;Untere Hauptstraße 7;68766;Hockenheim;https://www.bestattungen.de/verzeichnis.html
 Bestattungsinstitut Klein  ;Uhlandstraße 28;69214;Eppelheim;https://www.bestattungen.de/verzeichnis.html
 Bestattungsinstitut Marcus Busch  ;Beindstraße 12;68542;Heddesheim;https://www.bestattungen.de/verzeichnis.html
 Bestattungsinstitut Michael Krause  ;Schloßstraße 7;69168;Wiesloch;https://www.bestattungen.de/verzeichnis.html
 Bestattungsinstitut Rolf Benke  ;Alter Rottweg 10;68799;Reilingen;https://www.bestattungen.de/verzeichnis.html
 Bestattungsinstitut Schock  ;Sporptplatzweg 17;74889;Sinsheim;https://www.bestattungen.de/verzeichnis.html
 Bestattungsinstitut Stock  ;Neckardamm 4;68535;Edingen-Neckarhausen;https://www.bestattungen.de/verzeichnis.html
 Bestattungsinstitut Vereinigter Schreinermeister Gaa + Co.  ;Carl-Benz-Str. 5;68723;Plankstadt;https://www.bestattungen.de/verzeichnis.html
 Bestattungsinstitut Volker Pfleger  ;Gottlieb-Daimler-Straße 7;69514;Laudenbach;https://www.bestattungen.de/verzeichnis.html
 Brühler Bestattungsinstitut Gredel  ;Stuttgarter Straße 26;68782;Brühl;https://www.bestattungen.de/verzeichnis.html
 Christian Arnoldt Bestattungen  ;Panoramastr. 8;74933;Neidenstein;https://www.bestattungen.de/verzeichnis.html
 Daniel Rieger Bestattungen  ;Konrad-Adenauer-Straße 68;69207;Sandhausen;https://www.bestattungen.de/verzeichnis.html
 Dieter Weiß Bestatter  ;Gartenstraße 18;69168;Wiesloch;https://www.bestattungen.de/verzeichnis.html
 Erhard Hagmaier Schreinerei Bestattungen  ;Eichelberger Straße 17;74889;Sinsheim;https://www.bestattungen.de/verzeichnis.html
 G. Beck Bestattungen  ;Carl-Thilo-Weg 9;69151;Neckargemünd;https://www.bestattungen.de/verzeichnis.html
 G. Hotz Bestattungen  ;Blumenstraße 41;68789;St. Leon-Rot;https://www.bestattungen.de/verzeichnis.html
 Gehrig Bestattungsdienst  ;Nußlocher Straße 33;69181;Leimen;https://www.bestattungen.de/verzeichnis.html
 Georg Hotz Bestattungen  ;Malschenberger Straße 1;69231;Rauenberg;https://www.bestattungen.de/verzeichnis.html
 Greiner Bestattungen  ;Friedrich-Hub-Straße 9;74889;Sinsheim;https://www.bestattungen.de/verzeichnis.html
 Herbert Keitel Bestattungen  ;Lindenstraße 22;74889;Sinsheim;https://www.bestattungen.de/verzeichnis.html
 Hubert Gehrig Bestattungen  ;Wingertstraße 8;69181;Leimen;https://www.bestattungen.de/verzeichnis.html
 K. Gärtner Bestattungen  ;Konkordiastraße 37;68535;Edingen-Neckarhausen;https://www.bestattungen.de/verzeichnis.html
 Karl Schwarz Bestattungsinstitut  ;Daimlerstraße 15;68723;Oftersheim;https://www.bestattungen.de/verzeichnis.html
 Senft Bestattungen  ;Reutlinger Str. 30;72766;Reutlingen;https://www.bestattungen.de/verzeichnis.html
 A. König Bestattungsdienst  ;Geibelstraße 11;72555;Metzingen;https://www.bestattungen.de/verzeichnis.html
 Armbruster Bestattungen  ;Pliezhäuser Straße 1;72124;Pliezhausen;https://www.bestattungen.de/verzeichnis.html
 Bestattungen Brändle  ;Kochgasse 30;72124;Pliezhausen;https://www.bestattungen.de/verzeichnis.html
 Bestattungen Kränzler  ;Karlstraße 39;72581;Dettingen;https://www.bestattungen.de/verzeichnis.html
 Bestattungen Saric  ;Stolzestr. 15;72762;Reutlingen;https://www.bestattungen.de/verzeichnis.html
 Bestattungen Schwarz  ;Böhringer Straße 16;72574;Bad Urach;https://www.bestattungen.de/verzeichnis.html
 Bestattungen Thomas König  ;Ermsstraße 10;72555;Metzingen;https://www.bestattungen.de/verzeichnis.html
 Bestattungen Uwe Serway  ;Eisenbahnstr. 15;72581;Dettingen / Erms;https://www.bestattungen.de/verzeichnis.html
 Bestattungsdienst Weible  ;Wilhelmstraße 41;72805;Lichtenstein;https://www.bestattungen.de/verzeichnis.html
 Bestattungshaus Unter den Linden  ;Unter den Linden 35;72762;Reutlingen;https://www.bestattungen.de/verzeichnis.html
 Bestattungsinstitut Werner Grad  ;Friedensstraße 5;72574;Bad Urach;https://www.bestattungen.de/verzeichnis.html
 Ilija Saric Bestattungen  ;Gminderstr. 32;72762;Reutlingen;https://www.bestattungen.de/verzeichnis.html
 Manfred Steiner Schreinerei und Bestattungen  ;Schloßgasse 5;72818;Trochtelfingen;https://www.bestattungen.de/verzeichnis.html
 Mutschler & Betz Bestattungsunternehmen oHG  ;Schulstraße 28;72793;Pfullingen;https://www.bestattungen.de/verzeichnis.html
 Stefan Werz Bestattungen  ;Friedrich-Münzingerstr. 3;72555;Metzingen;https://www.bestattungen.de/verzeichnis.html
 Traugott Hummel e. K. Bestattungen  ;Arbachtalstr. 12;72800;Eningen;https://www.bestattungen.de/verzeichnis.html
 Weible Bestattungsdienst GmbH und Co. KG  ;Achalmstraße 2;72525;Münsingen;https://www.bestattungen.de/verzeichnis.html
 Auer GmbH & Co KG Bestattungen  ;Marktplatz 6;75387;Neubulach;https://www.bestattungen.de/verzeichnis.html
 Bernd Eutinger Bestattungen  ;Höfener Str. 1;75328;Schömberg-Langenbrand;https://www.bestattungen.de/verzeichnis.html
 Bestattungen Korte  ;Birkenweg 34;72221;Haiterbach;https://www.bestattungen.de/verzeichnis.html
 Bestattungen Ohngemach e. K.  ;Flößerstr. 14;75323;Bad Wildbad;https://www.bestattungen.de/verzeichnis.html
 Bestattungsinstitut Günthner  ;Langwiesenweg 32;75323;Bad Wildbad;https://www.bestattungen.de/verzeichnis.html
 Bestattungsinstitut Hans Bauer  ;Im Eichwald 7;75385;Bad Teinach-Zavelstei;https://www.bestattungen.de/verzeichnis.html
 Bestattungsunternehmen Helmut Weiss  ;Graf-Berthold-Straße 32;76332;Bad Herrenalb;https://www.bestattungen.de/verzeichnis.html
 Calwer Bestattungsdienst GmbH  ;Gottlob-Bauknecht-Straße 24;75365;Calw;https://www.bestattungen.de/verzeichnis.html
 Helmut Holzhauser Bestattungen  ;Welkerstraße 105;72213;Altensteig;https://www.bestattungen.de/verzeichnis.html
 Kurt Günthner Bestattungen  ;Langwiesenweg 53;75323;Bad Wildbad;https://www.bestattungen.de/verzeichnis.html
 Petra Fischinger Bestattungsinstitut (vorm Wurster)  ;Stuttgarter Str. 2;75365;Calw;https://www.bestattungen.de/verzeichnis.html
 Szeni Bestattungen  ;Römerstraße 37;72213;Altensteig;https://www.bestattungen.de/verzeichnis.html
 Weiß Bestattungen  ;Inselstraße 1;72202;Nagold;https://www.bestattungen.de/verzeichnis.html
 Weiss Bestattungen  ;Im Eck 5;76332;Bad Herrenalb;https://www.bestattungen.de/verzeichnis.html
 Alexander Huber Bestattungen  ;Niederwihl 127;79733;Görwihl;https://www.bestattungen.de/verzeichnis.html
 Anja Maier Bestattungen  ;Ledergasse 5;79801;Hohentengen am Hochrhein;https://www.bestattungen.de/verzeichnis.html
 Bestattungen Haberer  ;Eberwiesenstr. 1a;79787;Lauchringen;https://www.bestattungen.de/verzeichnis.html
 Bestattungsinstitut Döbele  ;Scheffelstraße 14;79713;Bad Säckingen;https://www.bestattungen.de/verzeichnis.html
 Dieter Peduzzi Bestattungen  ;Liftstraße 15;79737;Herrischried;https://www.bestattungen.de/verzeichnis.html
 Gisela Kaiser Bestattungen  ;Am Kurpark 2;79872;Bernau im Schwarzwald;https://www.bestattungen.de/verzeichnis.html
 IR Bestattungshaus  ;Badstraße 7;79761;Waldshut-Tiengen;https://www.bestattungen.de/verzeichnis.html
 Isele-Boll Bestattungen  ;Rheinstraße 23;79761;Waldshut-Tiengen;https://www.bestattungen.de/verzeichnis.html
 Schreinerei und Bestattungen Stritt  ;Im Zinken 4;79780;Stühlingen;https://www.bestattungen.de/verzeichnis.html
 W. Fröhle Bestattungen  ;Talstraße 10;79664;Wehr;https://www.bestattungen.de/verzeichnis.html
 Bestattungsinstitut Gerstner GmbH  ;Hohenzollernstr. 119;75177;Pforzheim;https://www.bestattungen.de/verzeichnis.html
 Eva Ruther Bestattungsinstitut  ;Hirsauer Str. 96;75180;Pforzheim;https://www.bestattungen.de/verzeichnis.html
 Pforzheimer Bestattungshaus GmbH  ;Ispringer Str. 42;75177;Pforzheim;https://www.bestattungen.de/verzeichnis.html
 TRAUERHILFE WOLTERS Bestattungsinstitut Pforzheim  ;Schulerstraße 11;75180;Pforzheim;https://www.bestattungen.de/verzeichnis.html
 Bestattungen Fischer  ;Lorcher Str. 23/1;73033;Göppingen;https://www.bestattungen.de/verzeichnis.html
 Alexander Buchele Bestattungen  ;Bachgässle 12;73061;Ebersbach;https://www.bestattungen.de/verzeichnis.html
 Bestattungen Rössner  ;Grabenstr. 85;73333;Gingen;https://www.bestattungen.de/verzeichnis.html
 Bestattungen Stahl  ;Am Scherbenmarkt 2;73072;Donzdorf;https://www.bestattungen.de/verzeichnis.html
 Bestattungen Staudenmeyer  ;Alleenweg 6;73326;Deggingen;https://www.bestattungen.de/verzeichnis.html
 Bestattungen Stock  ;Baronenwaldstraße 31;73035;Göppingen-Jebenhausen;https://www.bestattungen.de/verzeichnis.html
 Bestattungs-Institut B. Schmid GmbH  ;Hohenstaufenstr. 99;73033;Göppingen;https://www.bestattungen.de/verzeichnis.html
 Bestattungsinstitut Götz GmbH  ;Lorcher Straße 31;73098;Rechberghausen;https://www.bestattungen.de/verzeichnis.html
 Bestattungsinstitut Martin-Hess GmbH  ;Gartenstr. 9;73312;Geislingen;https://www.bestattungen.de/verzeichnis.html
 Bestattungsinstitut Zimmermann GmbH  ;Königstraße 59;73054;Eislingen;https://www.bestattungen.de/verzeichnis.html
 Hafner Bestattungen  ;Oberdorfstr. 12;73066;Uhingen;https://www.bestattungen.de/verzeichnis.html
 Kurt Höfle Bestattungen  ;Schubartstraße 8;73054;Eislingen;https://www.bestattungen.de/verzeichnis.html
 Maichle Bestattungen - Haus der Zeit  ;Steinbeisstraße 3;73312;Geislingen;https://www.bestattungen.de/verzeichnis.html
 Manfred Seiz Bestattungen  ;Pfarrgasse 10;73037;Göppingen;https://www.bestattungen.de/verzeichnis.html
 Marianne Rieder Bestattungen  ;Ulrichstraße 62;73033;Göppingen;https://www.bestattungen.de/verzeichnis.html
 Otto Höfle Bestattungsinstitut  ;Uhinger Straße 51/1;73095;Albershausen;https://www.bestattungen.de/verzeichnis.html
 Wilhelm Wolf Bestattungen  ;Hauptstraße 57;73108;Gammelshausen;https://www.bestattungen.de/verzeichnis.html
 Zimmermann Schreinerei + Bestattungs GmbH   ;Kanalstraße 1;73084;Salach;https://www.bestattungen.de/verzeichnis.html
